"PC_Count","Trait","Accuracy","SE_Accuracy","Bias","SE_Bias"
83,"AMidIntake",0.23638564754594,0.0474439068487011,1.41855938641395,0.293759773956369
83,"ARFI",0.226366995594179,0.0476768825375631,2.03292083908542,0.440693831553004
310,"AMidIntake",0.252846755920324,0.047039212914216,1.51516016125389,0.292083393366624
310,"ARFI",0.239169054183709,0.0473773903247706,2.59629616969206,0.531019536842464
606,"AMidIntake",0.263625426158009,0.0467594665008468,1.47560988725847,0.272016169751228
606,"ARFI",0.240411261038565,0.0473474533661315,2.42725060708388,0.493723512413259
890,"AMidIntake",0.25521113478734,0.0469788482656179,1.64146208054309,0.313298347505341
890,"ARFI",0.255546597238566,0.0469702381046059,2.60555502819818,0.49661200480374
